year,income
2030,49573.34484664467
2040,57857.99559887173
2050,66142.64635109878
2060,74427.29710332607
2070,82711.94785555312
2080,90996.59860778018
2090,99281.24936000723
2100,107565.90011223452
